-- --------------------------------------------------------
-- Host:                         127.0.0.1
-- Server version:               8.0.30 - MySQL Community Server - GPL
-- Server OS:                    Win64
-- HeidiSQL Version:             12.1.0.6537
-- --------------------------------------------------------

/*!40101 SET @OLD_CHARACTER_SET_CLIENT=@@CHARACTER_SET_CLIENT */;
/*!40101 SET NAMES utf8 */;
/*!50503 SET NAMES utf8mb4 */;
/*!40103 SET @OLD_TIME_ZONE=@@TIME_ZONE */;
/*!40103 SET TIME_ZONE='+00:00' */;
/*!40014 SET @OLD_FOREIGN_KEY_CHECKS=@@FOREIGN_KEY_CHECKS, FOREIGN_KEY_CHECKS=0 */;
/*!40101 SET @OLD_SQL_MODE=@@SQL_MODE, SQL_MODE='NO_AUTO_VALUE_ON_ZERO' */;
/*!40111 SET @OLD_SQL_NOTES=@@SQL_NOTES, SQL_NOTES=0 */;

-- Dumping data for table metodesaw.alternatif: ~31 rows (approximately)
REPLACE INTO `alternatif` (`idalternatif`, `nmalternatif`) VALUES
	(1, 'Abdillah Bagus Saputra'),
	(2, 'Aghata Hafis Mahardika'),
	(3, 'Al Ikhlasul Hakimi'),
	(4, 'Alfito Zakaria'),
	(5, 'Amalia Amriadi'),
	(6, 'Annisa Adenanty Palupi'),
	(7, 'Azizatul Munawaroh'),
	(8, 'Dila Sofiana'),
	(9, 'Dimas Arya Saputra\r\n'),
	(10, 'Dita suci yofana'),
	(11, 'Ecofah Raditya Daniswara'),
	(12, 'Fadhillah Putri Triana'),
	(13, 'Fairuz Ardhan Haunan'),
	(14, 'Faiza Arifatul Husna'),
	(15, 'Fina Maslahatul Firhah'),
	(16, 'Gustin Rheza Rasyidi Nuanza Azdy'),
	(17, 'Hamidah Lutfiyanti Maharani'),
	(18, 'Haniyah'),
	(19, 'Haya Velda Rafidah'),
	(20, 'Jenny Angels Ayu Intania'),
	(21, 'Kholilatul Izzah'),
	(22, 'Lailatul Ilmi Silviana'),
	(23, 'M. ZULFIKAR ALBAIHAQI'),
	(24, 'Mochamad Alfian Choirudin'),
	(25, 'Muhamad Radiyudin'),
	(26, 'Muhammad Aulia Syamsul Hadi'),
	(27, 'Muhammad Yasril Adim Al Amin'),
	(28, 'Nabila Mahdiya Putri'),
	(29, 'Nizam Hukmul Kautsar'),
	(30, 'Putri Nabilla Restyani'),
	(31, 'Renata Amalia Putri'),
	(32, 'Ridho Aulia Rahman'),
	(33, 'Salma Chesha Putri Pramudya Wardani'),
	(34, 'Sarah Arelia Rahmah'),
	(35, 'Zauda Salma Salsabila'),
	(38, 'Coba coba');

-- Dumping data for table metodesaw.bobot: ~5 rows (approximately)
REPLACE INTO `bobot` (`idbobot`, `idkriteria`, `value`) VALUES
	(1, 1, '10'),
	(2, 2, '20'),
	(3, 3, '10'),
	(4, 4, '30'),
	(5, 5, '30');

-- Dumping data for table metodesaw.kriteria: ~5 rows (approximately)
REPLACE INTO `kriteria` (`idkriteria`, `nmkriteria`, `tipe`) VALUES
	(1, 'ipk', 'Benefit'),
	(2, 'Nilai-Wawancara', 'Benefit'),
	(3, 'sertifikat', 'Benefit'),
	(4, 'pengalaman', 'Benefit'),
	(5, 'komitmen', 'Benefit');

-- Dumping data for table metodesaw.matrixkeputusan: ~175 rows (approximately)
REPLACE INTO `matrixkeputusan` (`idmatrix`, `idalternatif`, `idbobot`, `idskala`) VALUES
	(1, 1, 1, 4),
	(2, 1, 2, 2),
	(3, 1, 3, 5),
	(4, 1, 4, 2),
	(5, 1, 5, 3),
	(6, 2, 1, 5),
	(7, 2, 2, 3),
	(8, 2, 3, 5),
	(9, 2, 4, 5),
	(10, 2, 5, 4),
	(11, 3, 1, 3),
	(12, 3, 2, 2),
	(13, 3, 3, 5),
	(14, 3, 4, 4),
	(15, 3, 5, 3),
	(16, 4, 1, 4),
	(17, 4, 2, 2),
	(18, 4, 3, 5),
	(19, 4, 4, 3),
	(20, 4, 5, 4),
	(21, 5, 1, 5),
	(22, 5, 2, 2),
	(23, 5, 3, 1),
	(24, 5, 4, 3),
	(25, 5, 5, 4),
	(26, 6, 1, 3),
	(27, 6, 2, 2),
	(28, 6, 3, 1),
	(29, 6, 4, 1),
	(30, 6, 5, 3),
	(31, 7, 1, 4),
	(32, 7, 2, 4),
	(33, 7, 3, 5),
	(34, 7, 4, 4),
	(35, 7, 5, 5),
	(36, 8, 1, 4),
	(37, 8, 2, 1),
	(38, 8, 3, 1),
	(39, 8, 4, 1),
	(40, 8, 5, 1),
	(41, 9, 1, 3),
	(42, 9, 2, 2),
	(43, 9, 3, 1),
	(44, 9, 4, 3),
	(45, 9, 5, 4),
	(46, 10, 1, 5),
	(47, 10, 2, 2),
	(48, 10, 3, 1),
	(49, 10, 4, 3),
	(50, 10, 5, 3),
	(51, 11, 1, 3),
	(52, 11, 2, 4),
	(53, 11, 3, 5),
	(54, 11, 4, 4),
	(55, 11, 5, 4),
	(56, 12, 1, 4),
	(57, 12, 2, 5),
	(58, 12, 3, 5),
	(59, 12, 4, 5),
	(60, 12, 5, 5),
	(61, 13, 1, 5),
	(62, 13, 2, 5),
	(63, 13, 3, 5),
	(64, 13, 4, 5),
	(65, 13, 5, 4),
	(66, 14, 1, 4),
	(67, 14, 2, 1),
	(68, 14, 3, 1),
	(69, 14, 4, 2),
	(70, 14, 5, 1),
	(71, 15, 1, 4),
	(72, 15, 2, 1),
	(73, 15, 3, 1),
	(74, 15, 4, 2),
	(75, 15, 5, 4),
	(76, 16, 1, 4),
	(77, 16, 2, 2),
	(78, 16, 3, 1),
	(79, 16, 4, 2),
	(80, 16, 5, 2),
	(81, 17, 1, 5),
	(82, 17, 2, 4),
	(83, 17, 3, 5),
	(84, 17, 4, 5),
	(85, 17, 5, 4),
	(86, 18, 1, 4),
	(87, 18, 2, 2),
	(88, 18, 3, 1),
	(89, 18, 4, 5),
	(90, 18, 5, 1),
	(91, 19, 1, 5),
	(92, 19, 2, 3),
	(93, 19, 3, 1),
	(94, 19, 4, 1),
	(95, 19, 5, 2),
	(96, 20, 1, 1),
	(97, 20, 2, 2),
	(98, 20, 3, 1),
	(99, 20, 4, 2),
	(100, 20, 5, 2),
	(101, 21, 1, 4),
	(102, 21, 2, 4),
	(103, 21, 3, 1),
	(104, 21, 4, 3),
	(105, 21, 5, 4),
	(106, 22, 1, 5),
	(107, 22, 2, 1),
	(108, 22, 3, 1),
	(109, 22, 4, 3),
	(110, 22, 5, 4),
	(111, 23, 1, 1),
	(112, 23, 2, 2),
	(113, 23, 3, 1),
	(114, 23, 4, 4),
	(115, 23, 5, 1),
	(116, 24, 1, 2),
	(117, 24, 2, 2),
	(118, 24, 3, 1),
	(119, 24, 4, 3),
	(120, 24, 5, 4),
	(121, 25, 1, 4),
	(122, 25, 2, 2),
	(123, 25, 3, 1),
	(124, 25, 4, 3),
	(125, 25, 5, 3),
	(126, 26, 1, 4),
	(127, 26, 2, 2),
	(128, 26, 3, 1),
	(129, 26, 4, 2),
	(130, 26, 5, 3),
	(131, 27, 1, 5),
	(132, 27, 2, 3),
	(133, 27, 3, 1),
	(134, 27, 4, 3),
	(135, 27, 5, 4),
	(136, 28, 1, 5),
	(137, 28, 2, 4),
	(138, 28, 3, 5),
	(139, 28, 4, 4),
	(140, 28, 5, 4),
	(141, 29, 1, 3),
	(142, 29, 2, 3),
	(143, 29, 3, 5),
	(144, 29, 4, 3),
	(145, 29, 5, 4),
	(146, 30, 1, 3),
	(147, 30, 2, 4),
	(148, 30, 3, 5),
	(149, 30, 4, 3),
	(150, 30, 5, 4),
	(151, 31, 1, 4),
	(152, 31, 2, 2),
	(153, 31, 3, 1),
	(154, 31, 4, 2),
	(155, 31, 5, 2),
	(156, 32, 1, 5),
	(157, 32, 2, 2),
	(158, 32, 3, 1),
	(159, 32, 4, 3),
	(160, 32, 5, 2),
	(161, 33, 1, 4),
	(162, 33, 2, 2),
	(163, 33, 3, 1),
	(164, 33, 4, 2),
	(165, 33, 5, 4),
	(166, 34, 1, 4),
	(167, 34, 2, 3),
	(168, 34, 3, 1),
	(169, 34, 4, 3),
	(170, 34, 5, 4),
	(171, 35, 1, 4),
	(172, 35, 2, 1),
	(173, 35, 3, 1),
	(174, 35, 4, 3),
	(175, 35, 5, 4);

-- Dumping data for table metodesaw.skala: ~5 rows (approximately)
REPLACE INTO `skala` (`idskala`, `value`, `keterangan`) VALUES
	(1, 1, 'sangat tidak layak'),
	(2, 2, 'Tidak Layak\r\n'),
	(3, 3, 'Dipertimbangkan'),
	(4, 4, 'Layak'),
	(5, 5, 'Sangat layak');

/*!40103 SET TIME_ZONE=IFNULL(@OLD_TIME_ZONE, 'system') */;
/*!40101 SET SQL_MODE=IFNULL(@OLD_SQL_MODE, '') */;
/*!40014 SET FOREIGN_KEY_CHECKS=IFNULL(@OLD_FOREIGN_KEY_CHECKS, 1) */;
/*!40101 SET CHARACTER_SET_CLIENT=@OLD_CHARACTER_SET_CLIENT */;
/*!40111 SET SQL_NOTES=IFNULL(@OLD_SQL_NOTES, 1) */;
